{"schemaVersion":"1.0","appDefinitionTemplate":{"id":"/providers/Microsoft.PowerApps/apps/","type":"Microsoft.PowerApps/apps","tags":{"primaryDeviceWidth":"1366","primaryDeviceHeight":"768","supportsPortrait":"true","supportsLandscape":"true","primaryFormFactor":"Tablet","publisherVersion":"3.22111.28","minimumRequiredApiVersion":"2.2.0","hasComponent":"false","hasUnlockedComponent":"false","isUnifiedRootApp":"false","sienaVersion":"20221205T135024Z-3.22111.28.0"},"properties":{"appVersion":"2022-12-05T13:50:24Z","lifeCycleId":"Published","createdByClientVersion":{"major":3,"minor":22111,"build":28,"revision":0,"majorRevision":0,"minorRevision":0},"minClientVersion":{"major":3,"minor":22111,"build":28,"revision":0,"majorRevision":0,"minorRevision":0},"backgroundColor":"RGBA(0,176,240,1)","backgroundImageUri":"/5628861863085933589/N6b3c2f96-1efa-4eef-9c6f-ffbc0abf438e-logoSmallFile","displayName":"flexible-width-gallery","description":"","commitMessage":"","appUris":{"documentUri":{"value":"/5628861863085933589/N5ac9529a-8553-49c6-9833-a408dd807834-document.msapp"},"imageUris":[],"additionalUris":[]},"createdTime":"0001-01-01T00:00:00Z","lastModifiedTime":"0001-01-01T00:00:00Z","sharedGroupsCount":0,"sharedUsersCount":0,"icons":{"smallIconUri":"/5628861863085933589/N08e4cdf5-4b5e-456b-bdcb-984336e4de99-small.png","mediumIconUri":"/5628861863085933589/Na4dd8618-dbef-4b9e-ab7a-0153b8f631b7-medium.png","largeIconUri":"/5628861863085933589/N8b07574b-5c67-4729-8591-c5606034fa0b-large.png","wideIconUri":"/5628861863085933589/Neb7457b6-394f-492d-bc70-0796430bd12f-wide.png"},"connectionReferences":{},"databaseReferences":{},"almMode":"Solution","performanceOptimizationEnabled":true,"canConsumeAppPass":true,"enableModernRuntimeMode":false,"executionRestrictions":{"isTeamsOnly":false,"dataLossPreventionEvaluationResult":{"status":"Compliant","lastEvaluationDate":"2022-12-05T12:39:04.342178Z","violations":[],"violationsByPolicy":[],"violationErrorMessage":"このアプリでは、次のコネクタが使用されます: 。"}}},"appType":"ClassicCanvasApp","appComponents":[]}}