{"schemaVersion":"1.0","appDefinitionTemplate":{"id":"/providers/Microsoft.PowerApps/apps/","type":"Microsoft.PowerApps/apps","tags":{"primaryDeviceWidth":"1366","primaryDeviceHeight":"768","supportsPortrait":"true","supportsLandscape":"true","primaryFormFactor":"Tablet","publisherVersion":"3.22111.28","minimumRequiredApiVersion":"2.2.0","hasComponent":"false","hasUnlockedComponent":"false","isUnifiedRootApp":"false","sienaVersion":"20221205T133336Z-3.22111.28.0"},"properties":{"appVersion":"2022-12-05T13:33:36Z","lifeCycleId":"Published","createdByClientVersion":{"major":3,"minor":22111,"build":28,"revision":0,"majorRevision":0,"minorRevision":0},"minClientVersion":{"major":3,"minor":22111,"build":28,"revision":0,"majorRevision":0,"minorRevision":0},"backgroundColor":"RGBA(0,176,240,1)","backgroundImageUri":"/5628861863085933589/Nff5d96fd-762b-4d57-b63d-a0344f2d138f-logoSmallFile","displayName":"flexible-width-gallery","description":"","commitMessage":"","appUris":{"documentUri":{"value":"/5628861863085933589/N07858445-7b75-45bc-8bcd-a235e62fba57-document.msapp"},"imageUris":[],"additionalUris":[]},"createdTime":"0001-01-01T00:00:00Z","lastModifiedTime":"0001-01-01T00:00:00Z","sharedGroupsCount":0,"sharedUsersCount":0,"icons":{"smallIconUri":"/5628861863085933589/Naecba107-10fe-4844-bab7-eef6400f8074-small.png","mediumIconUri":"/5628861863085933589/Nf6db9df5-734b-4126-bf46-336cf6202a71-medium.png","largeIconUri":"/5628861863085933589/N0d890c0f-2e6f-47d5-9da6-7d4f77393779-large.png","wideIconUri":"/5628861863085933589/N1fc950e8-daf1-4d5c-8adb-c9c0be6a9ae9-wide.png"},"connectionReferences":{},"databaseReferences":{},"almMode":"Solution","performanceOptimizationEnabled":true,"canConsumeAppPass":true,"enableModernRuntimeMode":false,"executionRestrictions":{"isTeamsOnly":false,"dataLossPreventionEvaluationResult":{"status":"Compliant","lastEvaluationDate":"2022-12-05T12:39:04.342178Z","violations":[],"violationsByPolicy":[],"violationErrorMessage":"このアプリでは、次のコネクタが使用されます: 。"}}},"appType":"ClassicCanvasApp","appComponents":[]}}